epoch,Batch_size,lr,runtime,train_loss,val_loss,F_measure_k,Spearman_rho_k,Kendall_tau_k,BERTScore_k
0,40,0.003,0:01:55,0.032202377915382385,9.969410893972963e-05,0.3135264394109666,0.1621819704914082,0.12244055056006506,0.9271143034100533
1,40,0.006,0:01:54,7.29156454326585e-05,2.508514080545865e-05,0.3135264394109666,0.16332324052732677,0.12335869653725347,0.9271143034100533
2,40,0.009,0:01:54,2.4910772481234744e-05,1.1235395504627377e-05,0.3135264394109666,0.1644656996843333,0.12409765802383313,0.9271143034100533
3,40,0.012,0:01:54,1.2851932297053281e-05,6.481509899458615e-06,0.3128125209378097,0.16576649231293683,0.12511812258023564,0.9285010829567909
4,40,0.015,0:01:55,8.001997230167035e-06,4.344838089309633e-06,0.3128125209378097,0.16711881352536492,0.125972418181522,0.9285010829567909
